{"cameraMode":{"drawMode":0,"name":"Shaded","section":"Shading Mode"},"sceneLighting":true,"audioPlay":false,"sceneViewState":{"m_AlwaysRefresh":false,"showFog":true,"showSkybox":true,"showFlares":true,"showImageEffects":true,"showParticleSystems":true,"showVisualEffectGraphs":true,"m_FxEnabled":true},"in2DMode":false,"pivot":{"x":-1.065946102142334,"y":-2.923203468322754,"z":1.5778884887695313},"rotation":{"x":-0.18999135494232179,"y":0.03210886940360069,"z":-0.0062129744328558449,"w":-0.9812537431716919},"size":11.095375061035157,"orthographic":false}